keyword,volume,cpc,competition,seed
"lighting for pole barn",320,2.73,HIGH,"pole barn"
"pole barn lighting",320,2.73,HIGH,"pole barn"
"farm windmill generator",260,0.91,MEDIUM,"farm generator"
"farm wind generator",260,0.91,MEDIUM,"farm generator"
"farm generator",90,1.92,HIGH,"farm generator"
"generator for farm",90,1.92,HIGH,"farm generator"
"surge milking parlor",20,,LOW,"milking parlor"
"random farm animal generator",20,,LOW,"farm generator"
"poultry house led lighting",10,,HIGH,"poultry house"
"poultry house lighting systems",10,,,"poultry house"
"poultry house lighting",10,2.96,HIGH,"poultry house"
"how much electricity does a poultry house use",10,,,"poultry house"
"broiler house lighting program",10,,,"broiler house"
"broiler house lighting",10,,,"broiler house"
"electric grain dryer",10,1.2,MEDIUM,"grain dryer"
"generator for farm use",10,4.93,HIGH,"farm generator"
"oxygen generator for fish farm",10,2.18,HIGH,"farm generator"
"big farm generator",10,,,"farm generator"
"champion generator farm and fleet",10,1.6,HIGH,"farm generator"
"poultry farm generator",10,,HIGH,"farm generator"
"fish farm oxygen generator",10,2.18,HIGH,"farm generator"
"diesel generator for farm use",10,2.02,HIGH,"farm generator"
"best generator for farm use",10,,HIGH,"farm generator"
"wind generator farm",10,0.58,LOW,"farm generator"
"farm pto generator",10,,,"farm generator"
"farm slogan generator",10,,LOW,"farm generator"
"generator for poultry farm",10,,,"farm generator"
"farm map generator",10,,,"farm generator"
"farm layout generator",10,,LOW,"farm generator"
"farm animal generator",10,,LOW,"farm generator"
"farm diesel generator",10,,MEDIUM,"farm generator"
"farm windmill electric generator",10,0.02,HIGH,"farm generator"
"farm water pump generator",10,,,"farm generator"
"dairy barn led lighting",10,,,"dairy barn"
"dairy barn lighting",10,,HIGH,"dairy barn"