group,keyword,vol_lancaster_county,vol_usa,cpc_usa,cpc_lancaster,competition
commercial,"commercial electrician near me",10,5400,16.11,,LOW
commercial,"commercial electrical contractor near me",10,1300,12.32,,HIGH
commercial,"commercial electrical contractors near me",10,1300,12.32,,HIGH
commercial,"commercial electrical services",10,1900,16.15,,LOW
commercial,"commercial electrical company near me",10,1000,11.62,,HIGH
commercial,"commercial electrician",30,14800,18.08,118.65,LOW
commercial,"office electrician",0,50,4.31,,LOW
commercial,"restaurant electrician",10,30,16.76,,HIGH
commercial,"retail electrician",0,10,,,LOW
commercial,"tenant improvement electrical contractor",0,10,,,LOW
commercial,"commercial electrical repair near me",0,20,6.6,,MEDIUM
industrial,"industrial electrician near me",10,720,10.27,,MEDIUM
industrial,"industrial electrical contractor near me",0,70,6.9,,MEDIUM
industrial,"industrial electrical services near me",0,50,4.02,,MEDIUM
industrial,"industrial electrical contractors near me",0,70,6.9,,MEDIUM
industrial,"plant electrician",0,90,0.09,,LOW
industrial,"factory electrician",0,20,0.75,,LOW
industrial,"manufacturing electrician",0,50,0.02,,LOW
industrial,"machine wiring contractor",0,0,,,
industrial,"three phase electrician near me",0,0,,,
industrial,"480v electrician",0,0,,,
industrial,"industrial electrical repair",0,30,92.15,,LOW
emergency,"emergency electrician near me",50,12100,46.81,52.03,LOW
emergency,"24 hour electrician near me",10,1900,38.35,61.64,HIGH
emergency,"24 7 electrician near me",10,590,40.71,96.77,HIGH
emergency,"emergency electrical service near me",10,590,31.25,66.19,LOW
emergency,"after hours electrician near me",10,170,39.96,,HIGH
emergency,"same day electrician near me",10,590,46.17,,HIGH
emergency,"electrician open now",10,210,38.08,,HIGH
emergency,"power outage electrician",0,30,,,LOW
emergency,"emergency commercial electrician",10,140,16.92,,LOW
generators,"generator installation near me",10,5400,14.59,15.12,LOW
generators,"standby generator installation near me",10,590,12.76,,MEDIUM
generators,"commercial generator installation",10,170,5.42,,LOW
generators,"generac installer near me",10,1900,11.22,,HIGH
generators,"automatic transfer switch installation",10,320,0.23,,MEDIUM
generators,"backup generator installation near me",10,590,12.76,,MEDIUM
generators,"generator installer near me",10,5400,14.59,15.12,LOW
generators,"generator repair near me",20,12100,12.83,2.56,HIGH
generators,"farm generator installation near me",0,0,,,
service_upgrade,"electrical panel upgrade near me",10,3600,12.17,,LOW
service_upgrade,"electrical service upgrade near me",0,210,,,LOW
service_upgrade,"200 amp service upgrade",10,390,16.3,,LOW
service_upgrade,"400 amp service upgrade",10,90,,,LOW
service_upgrade,"three phase service upgrade",0,0,,,
service_upgrade,"panel replacement near me",0,70,0.58,,LOW
service_upgrade,"electrical panel replacement near me",10,1000,14.26,,MEDIUM
service_upgrade,"commercial panel upgrade",0,0,,,
lighting,"commercial lighting installation near me",0,30,55.7,,HIGH
lighting,"warehouse lighting installation",0,110,18.65,,LOW
lighting,"led retrofit companies",0,50,13.63,,LOW
lighting,"parking lot lighting installation",10,140,7.06,,LOW
lighting,"high bay led lighting installation",0,0,,,
lighting,"commercial led lighting company",0,50,,,LOW
lighting,"led lighting contractor near me",0,0,,,
lighting,"outdoor lighting contractor near me",10,1900,13.04,7.97,HIGH
ev,"ev charger installer near me",10,4400,15.65,,MEDIUM
ev,"ev charger installation near me",10,4400,15.65,,MEDIUM
ev,"commercial ev charger installation",10,390,15.68,,LOW
ev,"ev charging station installation companies",10,90,31.62,,HIGH
ev,"level 2 charger installation near me",10,320,9.7,,HIGH
ev,"fleet ev charging installation",0,0,,,
controls,"control panel builder near me",0,30,3.9,,HIGH
controls,"industrial control panel manufacturers",10,90,7.08,,LOW
controls,"plc programming near me",10,50,12.49,,MEDIUM
controls,"vfd repair near me",10,50,10.74,,HIGH
controls,"motor control center services",0,0,,,
controls,"control panel wiring services",0,0,,,
maintenance,"infrared inspection electrical near me",0,0,,,
maintenance,"thermal imaging electrical inspection near me",0,0,,,
maintenance,"arc flash study companies",0,50,78.28,,MEDIUM
maintenance,"arc flash analysis services",0,50,,,LOW
maintenance,"electrical preventive maintenance services",0,70,,,LOW
maintenance,"electrical safety inspection commercial",0,0,,,
maintenance,"electrical testing services near me",0,10,,,LOW
agricultural,"agricultural electrician near me",0,20,,,LOW
agricultural,"farm electrician near me",0,10,,,HIGH
agricultural,"barn electrician near me",0,0,,,
agricultural,"poultry house electrician near me",0,0,,,
agricultural,"dairy farm electrician near me",0,0,,,
agricultural,"stray voltage testing near me",0,0,,,
agricultural,"agricultural electrical services",0,10,,,LOW
agricultural,"farm electrical services near me",0,0,,,
geo,"electrician lancaster pa",110,170,20.29,19.96,HIGH
geo,"electricians in lancaster pa",110,170,20.29,19.96,HIGH
geo,"electrical contractor lancaster pa",50,70,,,MEDIUM
geo,"electrical contractors lancaster pa",50,70,,,MEDIUM
geo,"commercial electrician lancaster pa",10,30,,,MEDIUM
geo,"electrician york pa",10,480,26.38,79.16,HIGH
geo,"electricians york pa",10,480,26.38,79.16,HIGH
geo,"electrical contractor york pa",10,70,20.55,,HIGH
geo,"commercial electrician york pa",10,10,,,LOW
geo,"electrician reading pa",10,140,13.19,4.05,HIGH
geo,"electrical contractor reading pa",10,10,,,LOW
geo,"electrician lebanon pa",10,110,21.58,55.66,HIGH
geo,"electrician ephrata pa",40,50,15.85,20.29,HIGH
geo,"electrician lititz pa",30,40,25.7,25.7,HIGH
geo,"electrician harrisburg pa",10,110,17.48,,HIGH
geo,"commercial electrician harrisburg pa",10,10,1.15,,HIGH