page,url,role,keyword,vol_lancaster_county,vol_usa,cpc_usd
Home,/,primary,"electrical contractor",110,33100,2.19
Home,/,secondary,"electrician near me",,368000,23.25
Home,/,secondary,"electrical contractor near me",,33100,11.11
Home,/,secondary,"electric contractors near me",,33100,11.11
Home,/,secondary,"commercial electrician",30,14800,18.08
Home,/,secondary,"electrician lancaster pa",110,170,20.29
Emergency,/emergency-electrician,primary,"emergency electrician near me",50,12100,46.81
Emergency,/emergency-electrician,secondary,"24 hour electrician near me",10,1900,38.35
Emergency,/emergency-electrician,secondary,"same day electrician near me",10,590,46.17
Emergency,/emergency-electrician,secondary,"24 7 electrician near me",10,590,40.71
Emergency,/emergency-electrician,secondary,"emergency electrical service near me",10,590,31.25
Emergency,/emergency-electrician,secondary,"electrician open now",10,210,38.08
Emergency,/emergency-electrician,secondary,"after hours electrician near me",10,170,39.96
Emergency,/emergency-electrician,secondary,"emergency commercial electrician",10,140,16.92
Emergency,/emergency-electrician,secondary,"emergency electrician",20,,50.36
Emergency,/emergency-electrician,secondary,"24 hour electrician",10,,64.3
Commercial,/commercial-electrical-services,primary,"commercial electrician",30,14800,18.08
Commercial,/commercial-electrical-services,secondary,"commercial electrician near me",10,5400,16.11
Commercial,/commercial-electrical-services,secondary,"commercial electrical services",10,1900,16.15
Commercial,/commercial-electrical-services,secondary,"commercial electrical contractor near me",10,1300,12.32
Commercial,/commercial-electrical-services,secondary,"commercial electrical contractors near me",10,1300,12.32
Commercial,/commercial-electrical-services,secondary,"commercial electrical company near me",10,1000,11.62
Commercial,/commercial-electrical-services,secondary,"commercial electrical contractor",10,,4.89
Commercial,/commercial-electrical-services,secondary,"restaurant electrician",10,30,16.76
Commercial,/commercial-electrical-services,secondary,"office electrician",0,50,4.31
Industrial,/industrial-electrical-services,primary,"industrial electrical contractor",,1900,11.45
Industrial,/industrial-electrical-services,secondary,"industrial electrical",,2400,8.27
Industrial,/industrial-electrical-services,secondary,"industrial electrical contractors",,1900,11.45
Industrial,/industrial-electrical-services,secondary,"industrial electrician near me",10,720,10.27
Industrial,/industrial-electrical-services,secondary,"industrial electrical services",,720,5.69
Industrial,/industrial-electrical-services,secondary,"industrial electrical near me",,720,10.27
Industrial,/industrial-electrical-services,secondary,"plant electrician",0,90,0.09
Industrial,/industrial-electrical-services,secondary,"industrial electrical contractor near me",0,70,6.9
Industrial,/industrial-electrical-services,secondary,"manufacturing electrician",0,50,0.02
Industrial,/industrial-electrical-services,secondary,"industrial electrical repair",0,30,92.15
Industrial,/industrial-electrical-services,secondary,"factory electrician",0,20,0.75
Generators,/standby-generator-installation,primary,"generator installation near me",10,5400,14.59
Generators,/standby-generator-installation,secondary,"generator repair near me",20,12100,12.83
Generators,/standby-generator-installation,secondary,"generator installer near me",10,5400,14.59
Generators,/standby-generator-installation,secondary,"generac installer near me",10,1900,11.22
Generators,/standby-generator-installation,secondary,"standby generator installation near me",10,590,12.76
Generators,/standby-generator-installation,secondary,"backup generator installation near me",10,590,12.76
Generators,/standby-generator-installation,secondary,"automatic transfer switch installation",10,320,0.23
Generators,/standby-generator-installation,secondary,"commercial generator installation",10,170,5.42
Generators,/standby-generator-installation,secondary,"generator installation",20,,29.15
Generators,/standby-generator-installation,secondary,"farm generator",,90,1.92
Generators,/standby-generator-installation,secondary,"generator for farm use",,10,4.93
Service upgrades,/electrical-service-upgrades,primary,"electrical panel upgrade near me",10,3600,12.17
Service upgrades,/electrical-service-upgrades,secondary,"electrical panel replacement near me",10,1000,14.26
Service upgrades,/electrical-service-upgrades,secondary,"200 amp service upgrade",10,390,16.3
Service upgrades,/electrical-service-upgrades,secondary,"electrical service upgrade near me",0,210,
Service upgrades,/electrical-service-upgrades,secondary,"400 amp service upgrade",10,90,
Service upgrades,/electrical-service-upgrades,secondary,"panel replacement near me",0,70,0.58
EV charging,/ev-charging-installation,primary,"ev charger installer near me",10,4400,15.65
EV charging,/ev-charging-installation,secondary,"ev charger installation near me",10,4400,15.65
EV charging,/ev-charging-installation,secondary,"commercial ev charger installation",10,390,15.68
EV charging,/ev-charging-installation,secondary,"level 2 charger installation near me",10,320,9.7
EV charging,/ev-charging-installation,secondary,"ev charging station installation companies",10,90,31.62
EV charging,/ev-charging-installation,secondary,"ev charger installation",20,,
Lighting,/commercial-led-lighting,primary,"outdoor lighting contractor near me",10,1900,13.04
Lighting,/commercial-led-lighting,secondary,"pole barn lighting",,320,2.73
Lighting,/commercial-led-lighting,secondary,"lighting for pole barn",,320,2.73
Lighting,/commercial-led-lighting,secondary,"parking lot lighting installation",10,140,7.06
Lighting,/commercial-led-lighting,secondary,"warehouse lighting installation",0,110,18.65
Lighting,/commercial-led-lighting,secondary,"led retrofit companies",0,50,13.63
Lighting,/commercial-led-lighting,secondary,"commercial lighting installation near me",0,30,55.7
Lighting,/commercial-led-lighting,secondary,"warehouse lighting",10,,3.67
Lighting,/commercial-led-lighting,secondary,"high bay lighting",10,,
Lighting,/commercial-led-lighting,secondary,"led lighting retrofit",10,,
Controls,/control-panels-machine-wiring,primary,"industrial control panel manufacturers",10,90,7.08
Controls,/control-panels-machine-wiring,secondary,"plc programming near me",10,50,12.49
Controls,/control-panels-machine-wiring,secondary,"vfd repair near me",10,50,10.74
Controls,/control-panels-machine-wiring,secondary,"control panel builder near me",0,30,3.9
Controls,/control-panels-machine-wiring,secondary,"control panel wiring",10,,
Controls,/control-panels-machine-wiring,secondary,"plc panel",10,,
Controls,/control-panels-machine-wiring,secondary,"vfd installation",10,,
Controls,/control-panels-machine-wiring,secondary,"motor control center",10,,
Maintenance,/electrical-preventive-maintenance,primary,"arc flash study companies",0,50,78.28
Maintenance,/electrical-preventive-maintenance,secondary,"arc flash analysis services",0,50,
Maintenance,/electrical-preventive-maintenance,secondary,"electrical preventive maintenance services",0,70,
Maintenance,/electrical-preventive-maintenance,secondary,"nfpa 70e",20,,4.7
Maintenance,/electrical-preventive-maintenance,secondary,"arc flash study",10,,
Maintenance,/electrical-preventive-maintenance,secondary,"thermal imaging electrical",10,,
Maintenance,/electrical-preventive-maintenance,secondary,"infrared electrical inspection",10,,
Agricultural,/agricultural-electrical-services,primary,"agricultural electrician",,140,8.06
Agricultural,/agricultural-electrical-services,secondary,"barn electrical",10,110,4.64
Agricultural,/agricultural-electrical-services,secondary,"poultry house ventilation",10,40,7.83
Agricultural,/agricultural-electrical-services,secondary,"barn wiring",0,40,0.79
Agricultural,/agricultural-electrical-services,secondary,"agricultural electrician near me",0,20,
Agricultural,/agricultural-electrical-services,secondary,"poultry house lighting",,10,2.96
Agricultural,/agricultural-electrical-services,secondary,"broiler house lighting program",,10,
Agricultural,/agricultural-electrical-services,secondary,"dairy barn lighting",,10,
Agricultural,/agricultural-electrical-services,secondary,"electric grain dryer",,10,1.2
Geo Lancaster,/electrician-lancaster-pa,primary,"electrician lancaster pa",110,170,20.29
Geo Lancaster,/electrician-lancaster-pa,secondary,"electricians in lancaster pa",110,170,20.29
Geo Lancaster,/electrician-lancaster-pa,secondary,"electrical contractor lancaster pa",50,70,
Geo Lancaster,/electrician-lancaster-pa,secondary,"electrical contractors lancaster pa",50,70,
Geo Lancaster,/electrician-lancaster-pa,secondary,"electrician lancaster",,210,
Geo Lancaster,/electrician-lancaster-pa,secondary,"commercial electrician lancaster pa",10,30,
Geo York,/electrician-york-pa,primary,"electrician york pa",10,480,26.38
Geo York,/electrician-york-pa,secondary,"electricians york pa",10,480,26.38
Geo York,/electrician-york-pa,secondary,"electrical contractor york pa",10,70,20.55
Geo Reading,/electrician-reading-pa,primary,"electrician reading pa",10,140,13.19
Geo Lebanon,/electrician-lebanon-pa,primary,"electrician lebanon pa",10,110,21.58
Geo Harrisburg,/electrician-harrisburg-pa,primary,"electrician harrisburg pa",10,110,17.48
Geo Ephrata,/electrician-ephrata-pa,primary,"electrician ephrata pa",40,50,15.85
Geo Lititz,/electrician-lititz-pa,primary,"electrician lititz pa",30,40,25.7
Blog,/blog/single-phase-vs-three-phase,primary,"single phase vs three phase",,5400,2.11
Blog,/blog/single-phase-vs-three-phase,secondary,"three phase to single phase converter",,2900,2.9
Blog,/blog/stray-voltage-dairy-farms,primary,"stray voltage",,1000,
Blog,/blog/stray-voltage-dairy-farms,secondary,"stray voltage cows",,170,
Blog,/blog/stray-voltage-dairy-farms,secondary,"what is stray voltage",,170,
Blog,/blog/stray-voltage-dairy-farms,secondary,"stray voltage testing",,70,9.43
Blog,/blog/pole-barn-lighting,primary,"pole barn lighting",,320,2.73
Blog,/blog/electrical-fire-causes,primary,"outlet fire",,320,
Blog,/blog/electrical-fire-causes,secondary,"causes of electrical fire",,260,
Blog,/blog/electrical-fire-causes,secondary,"electrical fire in house",,110,
Blog,/blog/poultry-house-electricity-cost,primary,"how much electricity does a poultry house use",,10,