keyword,vol_lancaster,vol_usa,cpc_usd,keyword_difficulty,cluster
"arc flash",30,18100,6.36,22,testing_safety
"nfpa 70e",20,14800,6.18,18,testing_safety
"electrician emergency",20,12100,42.66,0,emergency
"electrical repair",30,9900,20.9,5,generic
"3 phase electric",10,9900,1.26,12,power_distribution
"three phase electric power",10,9900,1.26,12,power_distribution
"three phase power",10,9900,1.26,27,power_distribution
"fire detection and fire alarm system",10,9900,15.91,37,lowvoltage
"automotive electrical repair",10,8100,5.48,0,generic
"auto electrical repair",10,8100,5.48,0,generic
"circuit breaker distribution panel",10,8100,1.33,0,power_distribution
"electrical distribution",10,8100,2.06,19,power_distribution
"led lighting high bay",10,6600,8.73,0,lighting
"electrical surge protection",10,6600,0.67,13,other
"variable frequency drive",10,5400,3.26,22,controls
"what is arc flash",10,5400,7.34,14,testing_safety
"arc flash ppe",10,5400,5.75,0,testing_safety
"arc flash ppe clothing",10,5400,5.75,0,testing_safety
"national electrical code",10,5400,2.64,68,other
"electrical motors repair",10,4400,4.38,0,other
"electrical engine repair",10,4400,4.38,0,other
"electrical inspection",10,4400,16.13,0,testing_safety
"panel breaker",10,3600,0.97,0,other
"circuit panel breaker",10,3600,0.97,13,other
"what is variable frequency drive",10,3600,0.83,13,controls
"high bay lighting",10,3600,9.94,6,lighting
"fire alarm system technician",10,3600,13.02,0,lowvoltage
"wiring low voltage",10,3600,1.32,0,lowvoltage
"electrical installation",20,2900,7.4,9,generic
"car electrical repair",10,2900,5.58,0,generic
"electrical repair on cars",10,2900,5.58,0,generic
"switchgear what is",10,2900,2.69,12,power_distribution
"what is three phase electric power",10,2900,0.52,14,power_distribution
"what is three phase power",10,2900,0.52,18,power_distribution
"structured cabling",10,2900,15.86,15,lowvoltage
"low voltage electrician",10,2900,9.29,0,lowvoltage
"busway",10,2400,3.67,5,power_distribution
"emergency electrical service",20,1900,41.93,0,emergency
"electrical panel covers decorative",10,1900,0.37,0,other
"circuit breaker surge protection",10,1900,0.92,0,other
"electrical vehicle repair",10,1600,4.92,0,other
"motor control center wiki",10,1600,,11,controls
"motor control center",10,1600,1.05,18,controls
"how to open control panel",10,1600,,5,controls
"a c control panel",10,1600,1.31,0,controls
"ufo high bay lighting",10,1600,8.18,0,lighting
"arc flash study",10,1600,10.36,0,testing_safety
"arc flash label",10,1600,7.37,0,testing_safety
"arc flash labelling",10,1600,7.37,0,testing_safety
"arc flash labeling",10,1600,7.37,0,testing_safety
"how to reset fire alarm system",10,1600,0.04,0,lowvoltage
"electrical emergency repair",10,1300,49.96,0,emergency
"three phase wiring",10,1300,0.92,10,power_distribution
"how to change fuse in breaker panel",10,1300,3.03,0,panel_service
"electricity switchgear",10,1300,6.34,8,power_distribution
"3 phase voltage",10,1300,3.91,31,power_distribution
"three phase voltage",10,1300,3.91,21,power_distribution
"where can i find control panel",10,1300,,12,controls
"where is the control panel located",10,1300,,8,controls
"reliant transfer switch",10,1300,0.78,1,generator
"how to transfer switch data to switch 2",10,1300,0.31,12,generator
"arc flash injury",10,1300,4.22,2,testing_safety
"arc flash injuries",10,1300,4.22,1,testing_safety
"arc flash boundaries",10,1300,7.61,0,testing_safety
"arc flash boundary",10,1300,7.61,0,testing_safety
"bonding and grounding",10,1300,1.35,0,surge_grounding
"testing fire alarm system",10,1300,13.53,7,lowvoltage
"emergency electrical",20,1000,32.9,10,emergency
"electrical maintenance",10,1000,12.23,0,other
"electrical maintenance vacancies",10,1000,1.15,0,other
"electrical maintenance vacancy",10,1000,1.15,0,other
"three phase power calculation",10,1000,,0,power_distribution
"three phase power formulas",10,1000,,0,power_distribution
"calculating three phase power",10,1000,,0,power_distribution
"how do you install a generator transfer switch",10,1000,1.14,0,generator
"arc flash risk assessment",10,1000,9.42,0,testing_safety
"arc flash video",10,1000,10.91,0,testing_safety
"which of the following is true of an arc flash",10,1000,,2,testing_safety
"electrical testing meter",10,1000,0.39,13,testing_safety
"testing electrical circuits",10,1000,0.43,7,other
"electrical panel inspection",10,1000,20.85,0,testing_safety
"interstate electrical services ma",10,880,6.41,17,other
"interstate electrical services",10,880,6.41,17,other
"how to change a circuit breaker in electrical panel",10,880,5.84,0,other
"breaker panel labeling",10,880,1.11,0,panel_service
"how do you wire a subpanel",10,880,0.27,0,panel_service
"royal switchgear",10,880,6.89,0,power_distribution
"electrical distribution system",10,880,5.45,3,power_distribution
"how does variable frequency drive work",10,880,1.35,11,controls
"industrial control panel",10,880,9.83,0,controls
"how does a standby generator work",10,880,5.27,10,generator
"standby generator maintenance",10,880,12.78,0,generator
"arc flash suit 40 cal",10,880,8.02,0,testing_safety
"40 calorie arc flash suit",10,880,8.02,0,testing_safety
"electrical tool testing",10,880,0.62,4,other
"testing electrical",10,880,0.3,9,other
"house electrical inspection",10,880,17.6,0,testing_safety
"national electrical code pdf",10,880,4.7,24,other
"fire alarm system troubleshooting",10,880,1.53,0,lowvoltage
"low voltage wiring landscape",10,880,1.13,0,lowvoltage
"naics code electrical contractor",10,720,,0,generic
"electrical car repair",10,720,7.75,0,other
"electrical installation condition report",10,720,2.02,24,generic
"how to remove circuit breaker from panel",10,720,2.78,0,other
"how to replace circuit breaker in panel",10,720,2.25,0,other
"how to change circuit breaker panel",10,720,2.25,0,panel_service
"how to remove breaker from panel",10,720,2.78,0,other
"how to replace breaker in panel",10,720,2.25,0,other
"how to add subpanel",10,720,0.95,0,panel_service
"electrical switchgear types",10,720,0.66,5,power_distribution
"electrical distribution lines",10,720,7.61,1,power_distribution
"how to get control panel",10,720,,14,controls
"how to find control panel",10,720,,10,controls
"how to hook up generator transfer switch",10,720,0.92,0,generator
"what is arc flash boundary",10,720,4.7,0,testing_safety
"arc flash studies",10,720,14.49,0,testing_safety
"arc flash means",10,720,4.76,23,testing_safety
"welding arc flash",10,720,,0,testing_safety
"arc flash protection",10,720,6.83,7,testing_safety
"electrical wiring testing",10,720,0.36,8,other
"electrical wire testing",10,720,0.36,8,other
"electrical safety inspection",10,720,27.22,14,testing_safety
"rough inspection electrical",10,720,7.68,0,testing_safety
"electrical inspection vacancies",10,720,0.27,0,testing_safety
"fire alarm system pictures",10,720,0.73,2,lowvoltage
"how much does a industrial electrician make",10,590,,5,industrial
"electrical appliance repair",10,590,5.11,16,other
"electrical wire repair",10,590,7.01,0,other
"three phase power explained",10,590,0.91,9,power_distribution
"explain three phase power",10,590,0.91,13,power_distribution
"how three phase power works",10,590,0.03,7,power_distribution
"three phase starter motor",10,590,2.92,0,controls
"how to connect generator to house without transfer switch",10,590,0.32,0,generator
"electric arc flash",10,590,4.67,15,testing_safety
"arc flash leather gloves",10,590,5.02,0,testing_safety
"arc flash garments",10,590,4.31,0,testing_safety
"electrical arc flash",10,590,4.67,15,testing_safety
"what is nfpa 70e",10,590,5.21,16,testing_safety
"testing electrical equipment",10,590,3.79,5,other
"testing electrical current",10,590,0.34,8,other
"testing electrical outlet",10,590,0.42,0,other
"testing electrical resistance",10,590,2.07,0,other
"difference between grounding and bonding",10,590,0.04,0,surge_grounding
"est fire alarm system",10,590,4.59,0,lowvoltage