cluster,keyword,vol_lancaster,vol_usa,cpc_usd,keyword_difficulty,intent,opportunity_score
generic,"electrician near me",720,368000,23.25,31,transactional,408.3
emergency,"emergency electrician near me",50,12100,46.81,0,commercial,234.1
other,"contractor electrical",110,40500,10.36,0,commercial,114
lowvoltage,"installing low voltage wiring",10,480,89.47,0,transactional,89.5
lowvoltage,"low voltage wiring installation",10,480,89.47,0,transactional,89.5
other,"electrical companies near me",110,49500,19.28,18,commercial,75.7
other,"electrical company near me",110,49500,19.28,18,commercial,75.7
generic,"electrical installation service near me",10,1000,70.92,0,commercial,70.9
other,"electrical home repair",30,9900,20.9,0,commercial,62.7
generic,"electrical contractor near me",110,33100,11.11,11,commercial,58.2
commercial,"electrician commercial",30,14800,18.08,0,commercial,54.2
generic,"electrical service repair",20,1900,26.29,0,commercial,52.6
other,"electrical repairing services",20,1900,26.29,0,commercial,52.6
emergency,"same day electrician",10,720,51.55,0,commercial,51.6
other,"electrical services near me",30,9900,21.9,3,commercial,50.5
generic,"house electrical repair",10,390,52.07,1,commercial,47.3
emergency,"emergency electrical contractor",10,210,47.1,0,commercial,47.1
ev,"ev charger installation service",10,590,61,3,transactional,46.9
emergency,"same day electrician near me",10,590,46.17,0,commercial,46.2
generic,"24-hour electrician",10,2400,45.73,0,commercial,45.7
other,"electrical home services",20,1300,22.69,0,commercial,45.4
generic,"home electrical repair",30,1000,20.83,5,commercial,41.7
emergency,"emergency electrician 24/7",10,260,41.26,0,commercial,41.3
other,"electrical services",40,22200,25.84,16,commercial,39.8
commercial,"commercial electrical installation",10,390,39.27,0,commercial,39.3
generic,"home electrical repair service",10,590,38.54,0,commercial,38.5
emergency,"24 hour electrician near me",10,1900,38.35,0,commercial,38.4
controls,"fire alarm control panel maintenance",10,260,34.78,0,commercial,34.8
lowvoltage,"central fire alarm system",10,390,33.88,0,transactional,33.9
lowvoltage,"centralized fire alarm system",10,390,33.88,0,transactional,33.9
other,"electrical company",70,74000,42.45,79,commercial,33.4
lowvoltage,"business fire alarm system",10,590,33.22,0,commercial,33.2
emergency,"24-hour emergency electrician",10,480,32.99,0,commercial,33
lowvoltage,"monitor fire alarm system",10,2900,32.11,0,transactional,32.1
other,"temporary electrical services",10,390,31.57,0,commercial,31.6
generator,"installing a standby generator in home",10,260,31.48,0,transactional,31.5
emergency,"emergency electrical service near me",10,590,31.25,0,commercial,31.3
emergency,"24 hour electrical services",10,390,30.99,0,commercial,31
emergency,"24 hour electrician service",10,390,30.99,0,commercial,31
commercial,"commercial electrical repair",10,260,30.51,0,commercial,30.5
other,"electrical switch repair",10,210,30.4,0,transactional,30.4
other,"allied electrical services",10,590,59.54,10,commercial,29.8
other,"electrical company services",10,480,29.17,0,commercial,29.2
generator,"electrical generator repair",20,14800,14.12,0,commercial,28.2
testing_safety,"arc flash assessment",10,260,26.18,0,commercial,26.2
generic,"electrical repair near me",10,9900,25.63,0,transactional,25.6
other,"electrical construction services",10,260,40.04,6,commercial,25
other,"central electrical services",10,260,28.4,2,commercial,23.7
other,"electrical company in my area",30,2900,24.14,21,commercial,23.4
other,"helton electrical services",10,720,23.42,0,commercial,23.4
panel_service,"circuit breaker panel upgrade",10,260,22.95,0,transactional,23
commercial,"commercial electrical company",10,1300,22.48,0,commercial,22.5
other,"beacon electrical services",10,390,22.39,0,commercial,22.4
other,"edlen electrical exhibition services",10,210,29.13,3,commercial,22.4
generic,"electrical repair store",10,3600,21.76,0,commercial,21.8
lowvoltage,"repair fire alarm system",10,4400,21.25,0,transactional,21.3
other,"repair electrical outlet",10,880,21.27,0,transactional,21.3
other,"grove electrical services",10,1600,40.21,9,commercial,21.2
lowvoltage,"fire alarm system for commercial building",10,1000,21.18,0,commercial,21.2
lowvoltage,"installing fire alarm system",10,8100,20.97,0,transactional,21
lowvoltage,"fire alarm system installation",10,8100,20.97,0,transactional,21
lowvoltage,"fire alarm system installed",10,8100,20.97,0,transactional,21
lowvoltage,"fire alarm system installer",10,8100,20.97,0,commercial,21
lowvoltage,"install fire alarm system",10,8100,20.97,0,transactional,21
other,"haveman electrical services",10,320,20.59,0,commercial,20.6
lowvoltage,"structured cabling companies",10,260,20.62,0,commercial,20.6
lowvoltage,"structured cabling company",10,260,20.62,0,commercial,20.6
generic,"electrician near me home service",10,320,22.35,1,commercial,20.3
other,"dependable electrical services",10,210,20.24,0,commercial,20.2
other,"best electrical company",10,590,37.74,9,commercial,19.9
generator,"installing a whole house standby generator",10,880,19.71,0,transactional,19.7
other,"electrical sub contractor",10,590,19.59,0,commercial,19.6
lowvoltage,"fire alarm system installation services",10,390,19.58,0,commercial,19.6
lowvoltage,"fire alarm monitoring system",10,320,40.22,11,transactional,19.2
lighting,"parking lot light pole",10,1600,18.74,0,transactional,18.7
other,"premier electrical services",10,590,18.56,0,commercial,18.6
other,"electric electrical services",40,22200,25.84,46,commercial,18.5
power_distribution,"switchgear manufacturer",10,1000,20.36,1,commercial,18.5
power_distribution,"switchgear manufacturing",10,1000,20.36,1,commercial,18.5
testing_safety,"fire alarm system inspection",10,2900,18.25,0,commercial,18.3
other,"electrical production services",10,260,18.21,0,commercial,18.2
other,"guarantee electrical company",10,1900,18.07,0,commercial,18.1
other,"residential electrical services near me",10,480,23.31,3,commercial,17.9
generic,"electrical installation near me",10,720,17.68,0,transactional,17.7
testing_safety,"home inspection electrical",10,880,17.6,0,commercial,17.6
generator,"standby generator financing",10,320,17.6,0,commercial,17.6
other,"electrical maintenance companies",10,720,17.35,0,commercial,17.4
generic,"electrical repair company near me",10,590,18.34,1,commercial,16.7
generic,"electrical repair companies near me",10,590,18.34,1,commercial,16.7
other,"affordable electrical services",10,320,16.69,0,commercial,16.7
panel_service,"upgrading breaker panel",10,480,18.13,1,transactional,16.5
commercial,"electrical commercial services",10,1900,16.15,0,commercial,16.2
commercial,"commercial electrician near me",10,5400,16.11,0,commercial,16.1
lowvoltage,"fire alarm system monitoring",10,2900,32.11,10,commercial,16.1
lowvoltage,"monitored fire alarm system",10,2900,32.11,10,transactional,16.1
other,"electrical panel installation",10,1600,16.09,0,commercial,16.1
lowvoltage,"fire alarm system installation cost",10,1000,16.13,0,commercial,16.1
lowvoltage,"cost of installing fire alarm system",10,1000,16.13,0,commercial,16.1
lowvoltage,"cost to install fire alarm system",10,1000,16.13,0,commercial,16.1
panel_service,"cost to install subpanel",10,480,16.04,0,transactional,16
panel_service,"subpanel installation cost",10,480,16.04,0,commercial,16
generic,"electrical contractor residential",10,1300,15.67,0,commercial,15.7
ev,"commercial ev charger installation",10,390,15.68,0,transactional,15.7
generic,"electrical contractor service",10,720,15.34,0,commercial,15.3
other,"electrical contracting services",10,720,15.34,0,commercial,15.3
generator,"whole house standby generator installation",10,880,19.71,3,transactional,15.2
other,"electrical piping installation",10,720,14.89,0,commercial,14.9
other,"electrical pipe installation",10,720,14.89,0,commercial,14.9
lowvoltage,"auto fire alarm system",10,260,14.88,0,transactional,14.9
lowvoltage,"commercial fire alarm system installation",10,480,14.68,0,commercial,14.7
panel_service,"breaker panel replacement",10,5400,14.63,0,transactional,14.6
testing_safety,"electrical inspection near me",10,1600,14.63,0,commercial,14.6
industrial,"commercial industrial electrician",10,260,14.62,0,commercial,14.6
testing_safety,"arc flash hazard analysis",10,590,14.46,0,commercial,14.5
controls,"fire alarm control panel installation",10,720,14.42,0,transactional,14.4
panel_service,"electrical panel replacement near me",10,1000,14.26,0,commercial,14.3
lowvoltage,"fire alarm system drawing",10,390,14.3,0,commercial,14.3
commercial,"electrician commercial near me",10,1300,14.07,0,commercial,14.1
other,"electrical services professionals",10,210,14.13,0,commercial,14.1
controls,"variable frequency drive repair",10,1000,13.94,0,commercial,13.9
generator,"standby generator installation",10,6600,15.1,1,transactional,13.7
generator,"standby generator install",10,6600,15.1,1,transactional,13.7
generator,"standby generator installer",10,6600,15.1,1,transactional,13.7
generator,"installing standby generator",10,6600,15.1,1,transactional,13.7
other,"local electrical company",10,1000,13.22,0,commercial,13.2
other,"replace breaker in panel",10,590,13.15,0,transactional,13.2
other,"changing breaker in panel",10,590,13.15,0,transactional,13.2
other,"change breaker in panel",10,590,13.15,0,transactional,13.2
panel_service,"breaker panel clearance code",10,210,13.19,0,transactional,13.2
generator,"commercial standby generator",10,320,13.08,0,commercial,13.1
panel_service,"upgrade breaker panel",10,480,18.13,4,transactional,13
other,"powerhouse electrical services",10,480,12.89,0,commercial,12.9
generic,"truck electrical repair",10,260,12.83,0,commercial,12.8
panel_service,"breaker panel upgrade",10,260,22.95,8,transactional,12.8
other,"residential electrical services",10,3600,12.73,0,commercial,12.7
other,"start electrical services",10,320,30.16,14,transactional,12.6
commercial,"commercial electrician companies",10,260,16.41,3,commercial,12.6
controls,"electrical motor control center",10,1300,12.49,0,transactional,12.5
other,"cheap electrical company",10,3600,45.96,27,commercial,12.4
other,"cheapest electrical company",10,3600,45.96,27,commercial,12.4
generic,"electrical contractor companies",10,2400,12.39,0,commercial,12.4
generic,"conduit electrical installation",10,720,14.89,2,commercial,12.4
testing_safety,"arc flash tester",10,480,12.37,0,commercial,12.4
lowvoltage,"adt fire alarm system",10,260,13.55,1,transactional,12.3
industrial,"industrial electrician schooling",10,210,12.26,0,commercial,12.3
panel_service,"electrical panel upgrade near me",10,3600,12.17,0,commercial,12.2
lowvoltage,"maintenance fire alarm system",10,1900,12.11,0,transactional,12.1
other,"h&t electrical services",10,390,12.05,0,commercial,12.1
lighting,"high bay lighting fixture",10,390,19.26,6,transactional,12
lighting,"industrial high bay lighting fixtures",10,390,19.26,6,commercial,12
other,"advance electrical services",10,390,11.68,0,commercial,11.7
industrial,"electrician industrial",10,6600,11.57,0,commercial,11.6
commercial,"commercial electrical company near me",10,1000,11.62,0,commercial,11.6
lighting,"led high bay warehouse lighting",10,390,11.6,0,commercial,11.6
lowvoltage,"sprinkler system fire alarm",10,390,15.06,3,transactional,11.6
industrial,"industrial electrician contractor",10,1900,11.45,0,commercial,11.5
industrial,"electrical contractor industrial",10,1900,11.45,0,commercial,11.5
generic,"electrical contractor industry",10,1900,11.45,0,commercial,11.5
generator,"electrical generator maintenance",10,8100,11.39,0,commercial,11.4
other,"electrical outlet installation cost",10,590,11.36,0,commercial,11.4
other,"electrical outlet installation price",10,590,11.36,0,commercial,11.4
industrial,"electrical industrial maintenance",10,210,11.37,0,commercial,11.4
other,"electrical maintenance in industry",10,210,11.37,0,commercial,11.4
other,"aaa electrical services",10,320,12.4,1,commercial,11.3
ev,"electrician for ev charger installation",10,1900,11.16,0,transactional,11.2
lowvoltage,"commercial fire alarm system",10,1600,13.34,2,commercial,11.1
other,"precision electrical company",10,1000,24.26,12,commercial,11
controls,"fire alarm control panel sign",10,720,11.02,0,transactional,11
controls,"fire alarm control panel signage",10,720,11.02,0,transactional,11
controls,"fire control panel sign",10,720,11.02,0,transactional,11
other,"prime electrical services",10,480,28.52,16,commercial,11
generic,"local electrical contractor",10,590,10.92,0,commercial,10.9
other,"electrical company list",10,320,40.38,27,commercial,10.9
controls,"build control panel",10,260,10.9,0,transactional,10.9
generic,"large electrical contractor",10,260,10.81,0,commercial,10.8
generic,"largest electrical contractor",10,260,10.81,0,commercial,10.8
lighting,"led linear high bay lighting",10,260,10.72,0,commercial,10.7
other,"electrical car charger installation",20,14800,18.5,25,transactional,10.6
ev,"ev charger installation",20,14800,18.5,25,transactional,10.6
other,"repair electrical panel",10,2900,10.55,0,transactional,10.6
panel_service,"replacing a breaker panel",10,5400,14.63,4,transactional,10.5
commercial,"commercial licensed electrician",10,210,10.45,0,commercial,10.5
controls,"control panel manufacturing",10,320,10.38,0,commercial,10.4
controls,"control panel manufacturer",10,320,10.38,0,commercial,10.4
controls,"control panel manufacture",10,320,10.38,0,commercial,10.4
other,"advanced electrical company",10,320,10.31,0,commercial,10.3
other,"cost upgrade electrical panel 200 amps",10,1300,10.19,0,commercial,10.2
generic,"electrical repair companies",10,480,10.13,0,commercial,10.1
generator,"current electrical & generator services",10,260,10.06,0,commercial,10.1
ev,"qmerit ev charger installation",10,880,16.77,7,transactional,9.9
other,"electrical temp services",10,210,9.92,0,commercial,9.9
power_distribution,"medium voltage switchgear",10,1000,9.75,0,transactional,9.8
controls,"control panel industry",10,880,9.83,0,commercial,9.8
other,"cost to replace electrical panel and wiring",10,320,10.73,1,commercial,9.8
other,"car electrical services",10,260,9.83,0,commercial,9.8
other,"universal electrical services",10,260,9.83,0,commercial,9.8
testing_safety,"arc flash label requirements",10,260,9.76,0,commercial,9.8
testing_safety,"arc flash labeling requirements",10,260,9.76,0,transactional,9.8
generic,"water heater electrical installation",10,3600,9.68,0,transactional,9.7
generic,"electrical repair shop near me",20,18100,4.82,0,commercial,9.6
testing_safety,"electrical inspection price",10,720,9.64,0,commercial,9.6
testing_safety,"electrical inspection cost",10,720,9.64,0,commercial,9.6
other,"kline electrical services",10,390,9.56,0,commercial,9.6
other,"reliable electrical services",10,210,9.63,0,commercial,9.6
industrial,"industrial electrician near me",10,720,10.27,1,commercial,9.3
generic,"electrical repair company",10,480,10.13,1,commercial,9.2
generic,"electrical repair co",10,480,10.13,1,commercial,9.2
testing_safety,"arc flash protection clothing",10,480,9.15,0,commercial,9.2
controls,"lenze variable frequency drive",10,390,9.21,0,transactional,9.2
other,"electrical staffing company",10,320,9,0,commercial,9
generator,"standby generator installed",10,6600,15.1,7,transactional,8.9
other,"wasa electrical services",10,390,8.89,0,commercial,8.9
generator,"install transfer switch cost",10,260,8.85,0,commercial,8.9
generator,"transfer switch installation cost",10,260,8.85,0,commercial,8.9
other,"master electrical services",10,720,8.8,0,commercial,8.8
lighting,"industrial led high bay lighting",10,6600,8.73,0,commercial,8.7
panel_service,"100 amp subpanel installation cost",10,260,11.34,3,commercial,8.7
ev,"treehouse ev charger installation",10,260,9.52,1,transactional,8.7
testing_safety,"arc flash kit",10,260,8.74,0,transactional,8.7
testing_safety,"arc flash kits",10,260,8.74,0,commercial,8.7
other,"electrical services companies",10,1300,22.39,16,commercial,8.6
ev,"ev charger installation companies",10,1000,9.3,1,commercial,8.5
generic,"electrical repair services near me",10,390,8.44,0,commercial,8.4
other,"electrical box installation",10,390,8.44,0,transactional,8.4
other,"best electrical company near me",10,390,20.27,14,commercial,8.4
other,"best residential electricians near me",10,320,12.54,5,commercial,8.4
ev,"ev charger home installation",10,260,26.08,21,transactional,8.4
other,"upgrade electrical panel",10,9900,16.67,10,transactional,8.3
commercial,"electrical contractor commercial",10,4400,8.26,0,commercial,8.3
lighting,"high bay led lights for warehouse",10,390,11.6,4,commercial,8.3
other,"good electrical company",10,210,47.06,47,commercial,8.3
lowvoltage,"structured cabling service",10,720,12.29,5,commercial,8.2
testing_safety,"arc flash study services",10,590,8.19,0,commercial,8.2
other,"swift services heating cooling & electrical",10,390,11.49,4,commercial,8.2
lowvoltage,"design fire alarm system",10,390,13.94,7,commercial,8.2
other,"electrical panel breaker will not reset",10,210,8.23,0,transactional,8.2
other,"electrical car services",10,590,8.92,1,commercial,8.1
lowvoltage,"fire alarm system test",10,1300,13.53,7,commercial,8
ev,"ev charging station install",10,1000,19.1,14,transactional,8
ev,"ev charger station installation",10,1000,19.1,14,transactional,8
generic,"local electrical contractor near me",10,3600,22.15,18,commercial,7.9
other,"integrity electrical services",10,720,9.49,2,commercial,7.9
generator,"standby generator home",40,22200,4.83,15,transactional,7.7
generator,"transfer switch install",10,590,7.7,0,transactional,7.7
generator,"installing transfer switch",10,590,7.7,0,transactional,7.7
generator,"transfer switch installation",10,590,7.7,0,transactional,7.7
industrial,"industrial electrician courses",10,390,7.65,0,commercial,7.7
lowvoltage,"fire alarm system companies",10,2400,18.17,14,commercial,7.6
power_distribution,"switchgear power systems",10,1300,19.88,16,commercial,7.6
other,"electrical breaker installation",10,880,14.39,9,transactional,7.6
panel_service,"replace circuit breaker panel",10,260,7.57,0,transactional,7.6
panel_service,"replacing circuit breaker panel",10,260,7.57,0,transactional,7.6
other,"aes electrical services",10,210,16.74,12,commercial,7.6
power_distribution,"gas-insulated switchgear",10,720,7.51,0,commercial,7.5
power_distribution,"gis switchgear",10,720,7.51,0,transactional,7.5
testing_safety,"power quality metering",10,720,7.45,0,commercial,7.5
testing_safety,"power quality meter",10,720,7.45,0,commercial,7.5
ev,"tesla ev charger installation",10,390,19.51,16,transactional,7.5
testing_safety,"face shield arc flash",10,390,7.47,0,transactional,7.5
other,"underground electrical cable installation",10,210,7.48,0,transactional,7.5
lighting,"ufo led high bay lighting",10,1300,8.82,2,transactional,7.4
lighting,"ufo led high bay light",10,1300,8.82,2,transactional,7.4
other,"replacing circuit breaker in panel",10,320,7.44,0,transactional,7.4
panel_service,"circuit breaker panel replacement",10,320,7.44,0,transactional,7.4
panel_service,"changing circuit breaker panel",10,320,7.44,0,transactional,7.4
other,"replace circuit breaker in panel",10,320,7.44,0,transactional,7.4
lowvoltage,"structured cabling solution",10,260,17.09,13,commercial,7.4
lowvoltage,"low voltage wiring near me",10,260,7.39,0,commercial,7.4
other,"electrical home repair near me",10,720,21.07,19,commercial,7.3
other,"200 amp electrical panel installation",10,480,7.28,0,transactional,7.3
controls,"adt control panel battery replacement",10,320,7.34,0,transactional,7.3
lowvoltage,"building fire alarm system",10,320,11.02,5,transactional,7.3
other,"cost of replacing electrical panel",10,5400,11.45,6,commercial,7.2
panel_service,"electrical panel replacement cost",10,5400,11.45,6,commercial,7.2
panel_service,"cost to replace breaker panel",10,5400,11.45,6,commercial,7.2
lighting,"high bay shop lighting",10,590,7.23,0,commercial,7.2
generic,"vehicle electrical repair near me",10,480,7.19,0,commercial,7.2
lowvoltage,"silent knight fire alarm system",10,390,7.22,0,transactional,7.2
lighting,"high bay led lights 30000 lumens",10,320,7.24,0,commercial,7.2
other,"ideal electrical services",10,210,7.22,0,commercial,7.2
testing_safety,"nfpa 70e certified",10,2400,7.11,0,commercial,7.1
power_distribution,"metalclad switchgear",10,590,7.14,0,transactional,7.1
power_distribution,"metal-clad switchgear",10,590,7.14,0,commercial,7.1
other,"car repair shop electrical",10,480,7.11,0,commercial,7.1
generic,"electrical repair shop for cars",10,480,7.11,0,commercial,7.1
panel_service,"replacing breaker panel",10,480,9.25,3,transactional,7.1
other,"k&k electrical services",10,590,6.96,0,commercial,7
other,"electrical wiring repair",10,590,7.01,0,commercial,7
testing_safety,"arc flash sticker",10,590,7.01,0,transactional,7
testing_safety,"arc flash analytics",10,390,7,0,commercial,7
lowvoltage,"designing fire alarm system",10,390,13.94,10,commercial,7
generic,"licensed electrical contractor near me",10,210,23.67,24,commercial,7
ev,"level 2 ev charger installation",10,5400,14.48,11,transactional,6.9
lowvoltage,"fire alarm system wireless",10,720,6.9,0,transactional,6.9
commercial,"commercial electrician apprenticeships",10,590,6.93,0,commercial,6.9
power_distribution,"cutler hammer switchgear",10,480,6.87,0,transactional,6.9
other,"affordable electrical company",10,390,47.23,58,commercial,6.9
other,"advance electrical company",10,320,10.31,5,commercial,6.9
controls,"variable frequency drive toshiba",10,260,6.87,0,transactional,6.9
panel_service,"cost electrical panel upgrade",10,1600,10.84,6,commercial,6.8
panel_service,"price for electrical panel upgrade",10,1600,10.84,6,commercial,6.8
other,"professional electrical services",10,590,12.99,9,commercial,6.8
other,"allstar electrical services",10,480,12.15,8,commercial,6.8
other,"electrical reliability services",10,390,13.54,10,commercial,6.8
other,"elite electrical company",10,260,10.87,6,commercial,6.8
generic,"one stop auto air conditioning & electrical repair",10,210,6.79,0,commercial,6.8
other,"electrical outlet installation",10,1900,9.31,4,transactional,6.7
lighting,"led high bay shop lighting",10,720,9.98,5,commercial,6.7
generator,"standby generator installer near me",10,590,12.76,9,commercial,6.7
other,"golden electrical services",10,390,13.31,10,commercial,6.7
other,"empowered electrical services",10,210,6.69,0,commercial,6.7
other,"electrical services provider",10,1300,55.41,74,commercial,6.6
other,"electrical panel services",10,880,7.23,1,commercial,6.6
panel_service,"replace breaker panel",10,480,9.25,4,transactional,6.6
other,"able electrical services",10,320,6.59,0,commercial,6.6
other,"electrical services denver",10,260,21.02,22,commercial,6.6
generic,"electrical contractor company",10,2400,12.39,9,commercial,6.5
other,"electrical contracting company",10,2400,12.39,9,commercial,6.5
other,"electrical construction company",10,2400,12.39,9,commercial,6.5
other,"electrical contract company",10,2400,12.39,9,commercial,6.5
generator,"cost to install home standby generator",10,880,6.48,0,commercial,6.5
lighting,"high bay led lighting fixtures",10,260,11.69,8,commercial,6.5
ev,"level 2 ev charger installation cost",10,5400,10.21,6,commercial,6.4
panel_service,"replace breaker panel cost",10,590,9.66,5,commercial,6.4
generator,"standby generator near me",10,590,12.19,9,transactional,6.4
lowvoltage,"structured cabling install",10,590,15.43,14,transactional,6.4
generic,"electrical contractor agreement template",10,210,6.35,0,transactional,6.4
generic,"electrical contractor contract template",10,210,6.35,0,transactional,6.4
generic,"electrical contractor contract",10,1600,13.29,11,commercial,6.3
generator,"installation cost standby generator",10,1600,6.29,0,commercial,6.3
generic,"electrical installation services",10,1300,6.31,0,commercial,6.3
other,"nash electrical services",10,590,8.24,3,commercial,6.3
other,"electrical meter installation",10,210,6.32,0,transactional,6.3
generator,"home standby generator",40,18100,4.8,21,transactional,6.2
ev,"ev charger installation cost",10,3600,10.54,7,commercial,6.2
other,"home electrical company",10,320,21.17,24,commercial,6.2
controls,"variable frequency drive mitsubishi",10,260,6.18,0,transactional,6.2
other,"car repair electrical near me",10,4400,6.1,0,commercial,6.1
generic,"car electrical repair shop near me",10,4400,6.1,0,commercial,6.1
other,"electrical auto repair near me",10,4400,6.1,0,commercial,6.1
other,"electrical automotive repair near me",10,4400,6.1,0,commercial,6.1
generic,"automobile electrical repair shops near me",10,4400,6.1,0,commercial,6.1
generic,"auto electrical repair shop near me",10,4400,6.1,0,commercial,6.1
generic,"automotive electrical repair shop near me",10,4400,6.1,0,commercial,6.1
generator,"standby generator installation near me",10,590,12.76,11,transactional,6.1
other,"empower electrical services",10,210,6.69,1,commercial,6.1
generator,"home standby generator installation",10,1300,13.17,12,transactional,6
other,"pezz electrical services",10,720,6.04,0,commercial,6
controls,"fan variable frequency drive",10,590,6.04,0,transactional,6
commercial,"residential commercial electrician",10,210,5.98,0,commercial,6
power_distribution,"s&c switchgear",10,210,10.85,8,commercial,6
lowvoltage,"structured cabling system",10,590,14.26,14,commercial,5.9
other,"electrical panel cost",10,480,10.6,8,commercial,5.9
generator,"power command transfer switch",10,260,5.94,0,transactional,5.9
testing_safety,"arc flash safety equipment",10,5400,5.75,0,commercial,5.8
testing_safety,"arc flash personal protective equipment",10,5400,5.75,0,commercial,5.8
testing_safety,"arc flash protection equipment",10,5400,5.75,0,commercial,5.8
testing_safety,"arc flash safety gear",10,5400,5.75,0,commercial,5.8
generator,"generator transfer switch installation",10,1600,5.8,0,transactional,5.8
generator,"generator transfer switch install",10,1600,5.8,0,transactional,5.8
generator,"installing generator transfer switch",10,1600,5.8,0,transactional,5.8
panel_service,"100 amp subpanel installation",10,1300,5.75,0,transactional,5.8
panel_service,"adding a 100 amp subpanel",10,1300,5.75,0,transactional,5.8
other,"all star electrical services",10,480,12.15,11,commercial,5.8
other,"elite electrical services",10,480,5.84,0,commercial,5.8
generic,"auto electrical repair shop",10,480,5.83,0,commercial,5.8
generic,"automotive electrical repair shop",10,480,5.83,0,commercial,5.8
lighting,"led ufo high bay lighting",10,480,7.01,2,transactional,5.8
other,"outdoor electrical outlet installation",10,320,5.81,0,transactional,5.8
other,"exterior electrical outlet installation",10,320,5.81,0,transactional,5.8
other,"diamond electrical services",10,210,10.46,8,commercial,5.8
other,"car electrical wiring repair near me",10,210,5.77,0,commercial,5.8
other,"electrical vehicle repair near me",10,1300,5.67,0,commercial,5.7
other,"residential electrical company near me",10,1000,15.29,17,commercial,5.7
controls,"variable frequency drive allen bradley",10,1000,5.73,0,commercial,5.7
industrial,"industrial electrical services",10,720,5.69,0,commercial,5.7
other,"ace electrical services",10,320,13.72,14,commercial,5.7
other,"vacancy in electrical company",10,260,5.72,0,transactional,5.7
other,"electrical company recruitment",10,260,5.72,0,commercial,5.7
other,"electrical harness repair",10,590,5.6,0,transactional,5.6
other,"electrical wiring harness repair",10,590,5.6,0,transactional,5.6
other,"advanced electrical services",10,480,5.57,0,commercial,5.6
generic,"electrical contractor delaware",10,210,5.56,0,commercial,5.6
generic,"electrical repair cars",10,8100,5.48,0,commercial,5.5
generic,"auto car electrical repair",10,8100,5.48,0,commercial,5.5
generic,"electrical repair car",10,8100,5.48,0,transactional,5.5
generic,"vehicle electrical repair",10,8100,5.48,0,commercial,5.5
other,"electrical wiring services",10,210,7.15,3,commercial,5.5
panel_service,"breaker panel cost",10,210,8.2,5,commercial,5.5
lighting,"high bay lighting for warehouse",10,320,8.7,6,commercial,5.4
generic,"auto electrical repair near me",10,12100,5.3,0,commercial,5.3
generic,"car electrical repair near me",10,12100,5.3,0,commercial,5.3
generic,"automotive electrical repair near me",10,12100,5.3,0,commercial,5.3
generic,"electrical repair for cars near me",10,12100,5.3,0,commercial,5.3
generic,"automobile electrical repair near me",10,12100,5.3,0,commercial,5.3
lowvoltage,"fire alarm system near me",10,1000,15.51,19,transactional,5.3
panel_service,"electrical service panel upgrade",10,320,7.42,4,transactional,5.3
other,"electrical tool repair near me",10,260,5.3,0,commercial,5.3
lowvoltage,"automatic fire alarm system",10,260,14.88,18,transactional,5.3
controls,"variable frequency drive manufacturer",10,210,6.85,3,commercial,5.3
other,"upgrade electrical panel cost",10,1900,10.31,10,commercial,5.2
other,"small electrical motor repair near me",10,590,5.18,0,commercial,5.2
power_distribution,"switchgear companies",10,480,8.26,6,commercial,5.2
industrial,"industrial electrical company",10,390,5.18,0,commercial,5.2
other,"automotive electrical services",10,5400,5.14,0,commercial,5.1
panel_service,"replace circuit breaker panel cost",10,590,9.66,9,commercial,5.1
lighting,"high bay led shop lighting",10,390,7.69,5,commercial,5.1
generic,"best electrical contractor near me",10,320,14.69,19,commercial,5.1
other,"cost of upgrade electrical panel",10,210,6.6,3,commercial,5.1
ev,"ev charger installation near me",10,4400,15.65,21,transactional,5
lowvoltage,"fire alarm system company",10,2400,18.17,26,commercial,5
power_distribution,"low voltage switchgear",10,1600,11.46,13,transactional,5
power_distribution,"lv switchgear",10,1600,11.46,13,transactional,5
emergency,"emergency light fixture",10,880,4.97,0,transactional,5
testing_safety,"arc flash gloves",10,590,5.02,0,transactional,5
testing_safety,"arc flash suit",10,4400,4.91,0,transactional,4.9
other,"spectra electrical services",10,210,4.86,0,commercial,4.9
generator,"standby generator install cost",10,1600,6.29,3,commercial,4.8
generator,"generator transfer switch installation cost",10,1000,4.79,0,commercial,4.8
generator,"install generator transfer switch cost",10,1000,4.79,0,commercial,4.8
generator,"installing generator transfer switch cost",10,1000,4.79,0,commercial,4.8
other,"electrical services in my area",10,210,27.55,47,commercial,4.8
controls,"schneider electric variable frequency drive",10,880,4.72,0,transactional,4.7
controls,"schneider variable frequency drive",10,880,4.72,0,transactional,4.7
lowvoltage,"fire alarm detection system",10,480,21.34,35,transactional,4.7
other,"wendt electrical services",10,260,24.81,43,commercial,4.7
other,"electrical car services near me",10,260,4.66,0,commercial,4.7
lowvoltage,"fire alarm system simplex",10,2900,8.7,9,transactional,4.6
lowvoltage,"simplex fire alarm",10,2900,8.7,9,transactional,4.6
other,"electrical company in maryland",10,480,7.81,7,commercial,4.6
testing_safety,"fluke power quality analyser",10,480,4.64,0,commercial,4.6
other,"electrical appliance repair near me",10,320,12.94,18,commercial,4.6
generator,"best whole home standby generator",10,320,4.55,0,commercial,4.6
testing_safety,"electrical testing company",10,210,7.39,6,commercial,4.6
other,"electrical motor repair near me",10,6600,4.52,0,commercial,4.5
other,"electrical motor repair shop near me",10,1900,4.52,0,commercial,4.5
other,"quality electrical services",10,720,6.7,5,commercial,4.5
lowvoltage,"structured cabling installation",10,590,15.43,24,transactional,4.5
lowvoltage,"structured cabling installer",10,590,15.43,24,transactional,4.5
generic,"electrical contractor nj",10,390,6.77,5,commercial,4.5
panel_service,"how much to replace breaker panel",10,1600,5.78,3,commercial,4.4
testing_safety,"arc flash gear",10,590,4.44,0,commercial,4.4
testing_safety,"arc flash equipment",10,590,4.44,0,transactional,4.4
generic,"shed electrical installation",10,320,4.43,0,transactional,4.4
generator,"install manual transfer switch",10,260,4.44,0,transactional,4.4
generator,"connecting a manual transfer switch",10,260,4.44,0,transactional,4.4
generator,"installing manual transfer switch",10,260,4.44,0,transactional,4.4
generator,"manual transfer switch installation",10,260,4.44,0,transactional,4.4
generator,"wiring a manual transfer switch",10,260,4.44,0,transactional,4.4
other,"new electrical panel installation cost",10,210,7.55,7,commercial,4.4
other,"car electrical services near me",10,1600,4.32,0,commercial,4.3
other,"car electrical wiring repair",10,590,4.29,0,commercial,4.3
other,"auto electrical wiring repair",10,590,4.29,0,commercial,4.3
testing_safety,"arc flash clothing",10,590,4.31,0,commercial,4.3
generator,"400 amp automatic transfer switch",10,260,4.3,0,transactional,4.3
other,"electrical wall outlet installation",10,1900,9.31,12,transactional,4.2
power_distribution,"electrical power distribution system",10,880,5.45,3,commercial,4.2
other,"electrical fan repair",10,320,8.39,10,transactional,4.2
generic,"truck electrical repair near me",10,260,4.18,0,commercial,4.2
lowvoltage,"residential fire alarm system",10,260,16.83,30,transactional,4.2
other,"ics electrical services",10,210,4.22,0,commercial,4.2
lowvoltage,"annunciator panel fire alarm system",10,1600,4.09,0,transactional,4.1
lowvoltage,"annunciator fire alarm system",10,1600,4.09,0,transactional,4.1
other,"adding a circuit breaker to electrical panel",10,260,4.05,0,transactional,4.1
controls,"variable frequency drive panel",10,260,4.11,0,transactional,4.1
generic,"data center electrical contractor",10,210,4.11,0,commercial,4.1
controls,"5hp variable frequency drive",10,210,4.13,0,transactional,4.1
testing_safety,"power quality analyzer",10,1000,3.96,0,commercial,4
testing_safety,"power quality analyser",10,1000,3.96,0,commercial,4
testing_safety,"arc flash protective",10,720,6.83,7,commercial,4
power_distribution,"electrical wire distribution",10,480,6.81,7,commercial,4
panel_service,"average cost of electrical panel upgrade",10,260,8.79,12,commercial,4
panel_service,"how much does it cost to replace a breaker panel",10,260,5.99,5,commercial,4
controls,"control panel pump",10,210,3.95,0,transactional,4
ev,"ev charger installation home",10,2900,18.46,37,transactional,3.9
other,"electrical motor services",10,1000,6.21,6,commercial,3.9
panel_service,"how much is electrical panel upgrade",10,880,6.95,8,commercial,3.9
controls,"variable frequency drive wiring",10,210,3.94,0,transactional,3.9
controls,"variable frequency drive pump",10,2900,3.81,0,transactional,3.8
panel_service,"electrical subpanel installation",10,1000,3.82,0,transactional,3.8
other,"electrical sub panel installation",10,1000,3.82,0,transactional,3.8
panel_service,"install electrical subpanel",10,1000,3.82,0,transactional,3.8
other,"custom electrical services",10,590,11.25,20,commercial,3.8
power_distribution,"temporary electrical distribution boxes",10,320,3.77,0,transactional,3.8
controls,"variable frequency drive 5 hp",10,210,4.13,1,transactional,3.8
panel_service,"how much does an electrical panel upgrade cost",10,880,7.05,9,commercial,3.7
other,"coastal electrical services",10,720,7.05,9,commercial,3.7
other,"express electrical services",10,590,4.02,1,commercial,3.7
power_distribution,"substation electrical maintenance",10,260,3.66,0,commercial,3.7
generator,"home standby generator installation cost",10,880,6.48,8,commercial,3.6
panel_service,"breaker panel replacement cost",10,590,9.66,17,commercial,3.6
panel_service,"replacing circuit breaker panel cost",10,590,9.66,17,commercial,3.6
other,"4a electrical services llc",10,210,5.71,6,commercial,3.6
power_distribution,"quality switchgear",10,210,5.47,5,commercial,3.6
power_distribution,"three phase power converter",10,210,3.62,0,commercial,3.6
power_distribution,"switchgear electric",10,1300,6.34,8,transactional,3.5
power_distribution,"switchgear electrical",10,1300,6.34,8,transactional,3.5
generic,"residential electrical contractor near me",10,590,10.09,19,commercial,3.5
power_distribution,"electrical distribution equipment",10,590,4.91,4,transactional,3.5
power_distribution,"electrical power distribution equipment",10,590,4.91,4,transactional,3.5
other,"large electrical company",10,480,3.5,0,commercial,3.5
other,"electrical load testing",10,320,3.5,0,commercial,3.5
other,"ge electrical services",10,210,12.9,27,commercial,3.5
lowvoltage,"fire alarm system",10,9900,15.91,37,transactional,3.4
generator,"home standby generator cost",10,1300,5.44,6,commercial,3.4
power_distribution,"portable electrical distribution box",10,880,3.28,0,transactional,3.3
lowvoltage,"fire alarm system keeps going off",10,3600,3.2,0,transactional,3.2
other,"electrical company in nj",10,2400,6.75,11,commercial,3.2
controls,"variable frequency drive abb",10,1900,3.23,0,transactional,3.2
generator,"how much does standby generator cost",10,1900,3.52,1,commercial,3.2
commercial,"commercial electrical contractor near me",10,1300,12.32,28,commercial,3.2
other,"electrical panel repair near me",10,1000,3.21,0,commercial,3.2
controls,"variable frequency drive 3 phase motor",10,1000,3.17,0,transactional,3.2
generic,"electrical repair service",10,590,3.15,0,commercial,3.2
testing_safety,"electrical panel inspection sticker",10,260,3.19,0,transactional,3.2
generic,"licensed electrical contractor",10,2900,13.35,33,commercial,3.1
generator,"standby generator installed cost",10,1600,6.29,10,commercial,3.1
lowvoltage,"fire alarm addressable system",10,1000,3.09,0,transactional,3.1
panel_service,"electrical circuit breaker panel",10,590,3.66,2,transactional,3.1
controls,"control panel air conditioning units",10,390,3.11,0,transactional,3.1
controls,"control panel air conditioner",10,390,3.11,0,transactional,3.1
controls,"control panel ac unit",10,390,3.11,0,transactional,3.1
controls,"control panel air conditioning",10,390,3.11,0,transactional,3.1
generator,"best standby generator brand",10,260,3.13,0,commercial,3.1
other,"electrical panel installation cost",10,210,4.95,6,commercial,3.1
other,"marine electrical services",10,1900,6.26,11,commercial,3
generator,"asco transfer switch",10,880,4.19,4,transactional,3
testing_safety,"electrical inspection service",10,590,4.78,6,commercial,3
panel_service,"cost of new circuit breaker panel",10,320,6.53,12,commercial,3
other,"hays electrical services",10,4400,5.19,8,commercial,2.9
generic,"american electrical contractor",10,880,9.66,23,commercial,2.9
other,"fountain electrical services",10,720,7.08,14,commercial,2.9
generic,"upgrade electrical service",10,720,3.78,3,transactional,2.9
controls,"variable frequency drive siemens",10,590,3.2,1,transactional,2.9
other,"electrical panel box for home",10,880,3.97,4,transactional,2.8
controls,"plc panel",10,590,3.05,1,transactional,2.8
lowvoltage,"fire alarm system components",10,320,4.71,7,commercial,2.8
generator,"standby generator sale",10,260,5.13,8,transactional,2.8
testing_safety,"arc flash nfpa 70e",10,260,4.15,5,commercial,2.8
power_distribution,"switchgear",10,12100,7.56,18,commercial,2.7
other,"electrical equipment company",10,590,10.16,27,commercial,2.7
controls,"yaskawa variable frequency drive",10,1000,6.23,14,transactional,2.6
controls,"bosch fire control panel",10,320,3.42,3,transactional,2.6
generator,"whole house standby generator cost",10,260,4.96,9,commercial,2.6
controls,"vfd variable frequency drive",30,22200,3.8,35,transactional,2.5
controls,"fire control panel",10,8100,4.74,9,transactional,2.5
generator,"standby generator cost",10,5400,4.48,9,commercial,2.4
generator,"natural gas standby generator",10,1600,3.63,5,transactional,2.4
generator,"standby generator for house",10,1000,4.24,8,transactional,2.4
lowvoltage,"fire alarm system wifi",10,260,4.34,8,transactional,2.4
generator,"whole house standby generator",10,4400,4.85,12,commercial,2.2
generic,"rv electrical repair",10,210,4.85,12,commercial,2.2
generic,"motorhome electrical repair",10,210,4.85,12,commercial,2.2
lowvoltage,"house fire alarm system",10,880,9.44,36,transactional,2.1
other,"electrical company stocks",10,480,5.15,14,commercial,2.1
generic,"electrical contractor mag",10,390,8.23,29,commercial,2.1
lowvoltage,"fire alarm system manufacturer",10,1300,4.55,13,commercial,2
controls,"variable frequency drive motor controller",10,260,4.02,10,transactional,2
generator,"standby electrical generator",10,8100,5.34,19,transactional,1.8
generator,"whole home standby generator",10,2900,5.31,19,commercial,1.8
generator,"standby generator price",10,720,3.78,11,commercial,1.8
panel_service,"electrical breaker panel",10,590,3.66,10,transactional,1.8
panel_service,"electric breaker panel",10,590,3.66,10,transactional,1.8
panel_service,"electric circuit breaker panel",10,590,3.66,10,transactional,1.8
other,"independent electrical contractors near me",10,1300,6.73,29,commercial,1.7
power_distribution,"ced electrical distribution",10,720,4.55,17,commercial,1.7
generator,"lp standby generator",10,720,3.02,8,transactional,1.7
generator,"propane standby generator",10,720,3.02,8,transactional,1.7
generator,"best natural gas standby generator",10,260,4.13,15,commercial,1.7
ev,"ev charger installation rebate",10,260,7.6,36,transactional,1.7
lowvoltage,"notifier fire alarm system",10,720,3.92,14,transactional,1.6
generator,"best standby generator for home",10,590,3.32,11,commercial,1.6
generator,"best standby generator",10,480,3.72,13,commercial,1.6
controls,"motor variable frequency drive",10,1000,3.65,14,transactional,1.5
generic,"electrical contractor magazine",10,390,8.23,44,commercial,1.5
generator,"home standby generator natural gas",10,390,3.23,12,transactional,1.5
lowvoltage,"fire alarm system technology",10,390,3.52,13,commercial,1.5
generator,"standby generator",10,8100,5.34,28,transactional,1.4
lowvoltage,"honeywell fire alarm system",10,590,4,18,transactional,1.4
controls,"variable frequency drive vfd inverter",10,260,3.52,16,transactional,1.4
controls,"variable frequency drive inverter",10,260,3.52,16,transactional,1.4
generator,"how much is a standby generator",10,2900,3.96,20,commercial,1.3
generator,"standby generator residential",10,880,5.11,28,transactional,1.3
generator,"what is the best home standby generator",10,590,3.32,16,commercial,1.3
controls,"control panel fire alarm",10,8100,4.74,31,transactional,1.2
lowvoltage,"fire alarm system panel",10,8100,4.74,31,transactional,1.2
lowvoltage,"facp fire alarm system",10,8100,4.74,31,commercial,1.2
generator,"automatic home standby generator",10,2900,3.24,19,transactional,1.1
lowvoltage,"home fire alarm system",10,1900,4.31,31,transactional,1.1
controls,"ac motor variable frequency drive",10,720,3.89,28,transactional,1
generator,"automatic standby generator",10,2900,3.24,28,transactional,0.9
other,"indian engineering services electrical",10,2900,3.76,46,commercial,0.7
lowvoltage,"smoke detector fire alarm system",10,1300,3.63,49,transactional,0.6