keyword,serp_feature_local_pack,ai_overview,lp1,lp1_rating,lp1_votes,lp2,lp3,org1,org2,org3
"electrician near me",true,false,"Jackson Electrical Service",5,113,"Petros Electric","Edison Electricians of Lancaster",www.brubakerinc.com,www.yelp.com,www.jacksonelectricalservice.com
"emergency electrician near me",true,false,"Jackson Electrical Service",5,113,"Iddings Electric Inc","Edison Electricians Millersville",lappelectric.com,iddingselectric.com,www.mistersparky.com
"electrical contractor near me",true,false,"Jackson Electrical Service",5,113,"SOS Electrical LLC","Mister Sparky of Lancaster",www.brubakerinc.com,www.yelp.com,www.stephendanielselectric.com
"electrical company near me",true,false,"Relay Revolutionaries Electric Inc",4.8,6,"Jackson Electrical Service","Iddings Electric Inc",www.yelp.com,lappelectric.com,www.brubakerinc.com
"commercial electrician near me",true,false,"Jackson Electrical Service",5,113,"Iddings Electric Inc","Citadel Electric, LLC",lappelectric.com,www.jacksonelectricalservice.com,www.dsburkholder.com
"electrician lancaster pa",true,false,"Jackson Electrical Service",5,113,"Mister Sparky of Lancaster","Mr. Electric of Lancaster County",www.jacksonelectricalservice.com,www.stephendanielselectric.com,lappelectric.com
"electrical contractor lancaster pa",true,false,"Jackson Electrical Service",5,113,"Mr. Electric of Lancaster County","Mister Sparky of Lancaster",www.stephendanielselectric.com,www.bbb.org,www.brubakerinc.com
"commercial electrician",true,false,"Jackson Electrical Service",5,113,"Citadel Electric, LLC","Iddings Electric Inc",www.dsburkholder.com,iddingselectric.com,www.ziprecruiter.com
"industrial electrician near me",true,false,"Yale Electric",5,1,"Jackson Electrical Service","Iddings Electric Inc",lappelectric.com,www.dsburkholder.com,www.brubakerinc.com
"industrial electrical contractor",true,false,"Iddings Electric Inc",5,6,"Lapp Electric","D&T Electric LLC",henryelectricinc.com,www.sparkselectricinc.com,aandmelectricllc.com
"generator installation near me",true,false,"Synergy Power Systems, Inc",5,30,"Slaymaker Electric Motor & Supply","JK Mechanical",www.brubakerinc.com,synergypwrsys.com,koppelectricllc.com
"standby generator installation near me",true,true,"Slaymaker Electric Motor & Supply",4.8,131,"Synergy Power Systems, Inc","JK Mechanical",www.brubakerinc.com,synergypwrsys.com,jgheatingac.com
"electrical panel upgrade near me",true,false,"D.V. Miller Electric",5,24,"Iddings Electric Inc","Jackson Electrical Service",www.brubakerinc.com,iddingselectric.com,www.reddit.com
"ev charger installer near me",true,true,"Tesla Supercharger",,,"ChargePoint Charging Station","ChargePoint Charging Station",www.susqford.net,www.tesla.com,mrelectric.com
"24 hour electrician near me",true,false,"Iddings Electric Inc",5,6,"Mister Sparky of Lancaster","Citadel Electric, LLC",lappelectric.com,www.brubakerinc.com,www.yelp.com
"same day electrician near me",true,false,"Jackson Electrical Service",5,113,"Mister Sparky of Lancaster","Edison Electricians Lancaster",lappelectric.com,www.yelp.com,www.reddit.com
"electrical services near me",true,false,"Jackson Electrical Service",5,113,"Edison Electricians of Lancaster","Edison Electricians Lancaster",www.sos.arkansas.gov,www.dhcs.ca.gov,georgia.gov
"agricultural electrician",true,true,"Palmatier Electric",5,199,"Lapp Electric","A&M Electric LLC",www.plelectric.us,www.ziprecruiter.com,axiselectricinc.com
"low voltage wiring installation",true,true,"Lapp Electric",4.4,61,"DC Low Voltage","M1-Electrical Solutions & Low Voltage",thenetworkinstallers.com,www.truecable.com,www.facebook.com
"business fire alarm system",true,false,"Guardian Protection - Lancaster",4.8,942,"Vector Security - Lancaster, PA","Monitronics Inc DBA Brinks Home",www.simplexfire.com,www.epssecurity.com,www.everonsolutions.com
"arc flash study companies",false,true,"",,,"","",cbsfieldservices.com,www.herzigengineering.com,www.arcflashpro.com
"electrician ephrata pa",true,false,"SOS Electrical LLC",4.9,62,"A&M Electric LLC","Primary Choice Electric",www.yelp.com,monyerelectric.com,www.bbb.org
"electrician lititz pa",true,false,"G.I. Electrical Services",4.9,43,"Caretakers Electric Inc","SOS Electrical LLC",www.facebook.com,aandmelectricllc.com,www.yelp.com
"warehouse lighting installation",true,false,"Innovative Site Lighting",5,2,"Iddings Electric Inc","Yale Electric Supply Co.",fsg.com,www.feslighting.com,iddingselectric.com
"commercial generator installation",true,false,"Synergy Power Systems, Inc",5,30,"Monyer Electric","Slaymaker Electric Motor & Supply",hbmcclure.com,energo.com,elitepowerandenergycorp.com